first,last,age,id
Jimmy,Wagner,34,id
Olive,Allison,37,id
Bertha,George,52,id
Eva,Shelton,53,id
Maggie,McCormick,36,id
Hester,Patrick,42,id
Andrew,Moreno,34,id
Roger,Hardy,36,id
Maggie,Barker,24,id
Gary,Miller,45,id
Cecelia,Obrien,44,id
Emily,Rodgers,37,id
Cora,Lawrence,28,id
Elmer,Chavez,24,id
Sean,Morales,54,id
Nancy,Roberts,30,id
Emilie,Vega,47,id
Herbert,Lynch,42,id
Eugene,Sherman,54,id
Effie,Fitzgerald,41,id
Grace,Marshall,22,id
Sallie,Bass,53,id
Louisa,Moran,57,id
Nell,Bell,32,id
John,Medina,19,id
Paul,Marsh,45,id
Micheal,Sandoval,59,id
Virginia,Simpson,31,id
Marie,Cunningham,49,id
Floyd,Kennedy,32,id
Bertie,Murray,61,id
Louise,Joseph,65,id
Callie,Moody,46,id
George,Page,58,id
Harold,Clayton,56,id
Cole,Rios,37,id
Catherine,Ramos,64,id
Sophie,Freeman,37,id
Henry,Hampton,25,id
Shane,Goodman,45,id
Philip,Gilbert,44,id
Bill,Gutierrez,36,id
Duane,Lamb,45,id
Christopher,Henderson,61,id
Trevor,Wade,45,id
Tyler,Shaw,37,id
Violet,Burns,50,id
Katherine,Simon,42,id
Olga,Wood,48,id
Lewis,Flowers,25,id
Todd,Schultz,59,id
Minerva,Cain,48,id
Christina,Moran,53,id
Vincent,Boyd,61,id
Andre,Wong,60,id
Franklin,Burton,58,id
Sam,Simon,20,id
Evelyn,Malone,53,id
Hattie,Steele,44,id
Cody,Mendez,48,id
Ella,Lindsey,62,id
Leroy,Williamson,26,id
Laura,Nunez,37,id
Ryan,Page,27,id
Johnny,Gibson,52,id
Bryan,Barber,52,id
Lina,Parker,49,id
Maude,Fleming,55,id
Bill,Barber,44,id
Florence,Stanley,48,id
Eugenia,Osborne,43,id
Vera,Castro,23,id
Justin,Lowe,60,id
Gordon,Shaw,40,id
Jerry,Wagner,52,id
Lee,Curtis,29,id
Jesus,Kim,50,id
Hallie,Evans,60,id
Katherine,Maxwell,58,id
Loretta,Davidson,29,id
Matilda,Webb,65,id
Harry,Norman,52,id
Hunter,Schwartz,41,id
Rosa,Harper,53,id
Scott,McCoy,58,id
Nina,Jacobs,24,id
Nicholas,Grant,46,id
Christina,Elliott,29,id
Leon,Mills,44,id
Rosalie,Carson,33,id
Lily,Brock,53,id
Johanna,Freeman,57,id
Jim,Welch,59,id
Christian,Davis,41,id
Rose,Parks,31,id
Mason,Lloyd,28,id
Willie,Powell,38,id
Victor,Simon,61,id
Cynthia,Curtis,39,id
Clara,Brady,57,id
